Workbook

Sheet Customer Data
A1: Customer ID | B1: Age | C1: Purchase Frequency | D1: Total Spending | E1: Last Purchase Days Ago | F1: Segment
A2: CUST0001 | B2: 63 | C2: 39 | D2: 4727 | E2: 301 | F2: =IF(AND(E2<30,C2>20,D2>5000),"High Value",IF(AND(E2<90,C2>10,D2>2000),"Loyal",IF(E2>180,"At Risk","Regular")))
A3: CUST0002 | B3: 69 | C3: 20 | D3: 8643 | E3: 31 | F3: =IF(AND(E3<30,C3>20,D3>5000),"High Value",IF(AND(E3<90,C3>10,D3>2000),"Loyal",IF(E3>180,"At Risk","Regular")))
A4: CUST0003 | B4: 59 | C4: 6 | D4: 4816 | E4: 259 | F4: =IF(AND(E4<30,C4>20,D4>5000),"High Value",IF(AND(E4<90,C4>10,D4>2000),"Loyal",IF(E4>180,"At Risk","Regular")))
A5: CUST0004 | B5: 62 | C5: 8 | D5: 892 | E5: 117 | F5: =IF(AND(E5<30,C5>20,D5>5000),"High Value",IF(AND(E5<90,C5>10,D5>2000),"Loyal",IF(E5>180,"At Risk","Regular")))
A6: CUST0005 | B6: 32 | C6: 6 | D6: 6806 | E6: 14 | F6: =IF(AND(E6<30,C6>20,D6>5000),"High Value",IF(AND(E6<90,C6>10,D6>2000),"Loyal",IF(E6>180,"At Risk","Regular")))
A7: CUST0006 | B7: 49 | C7: 5 | D7: 3650 | E7: 191 | F7: =IF(AND(E7<30,C7>20,D7>5000),"High Value",IF(AND(E7<90,C7>10,D7>2000),"Loyal",IF(E7>180,"At Risk","Regular")))
A8: CUST0007 | B8: 21 | C8: 36 | D8: 551 | E8: 157 | F8: =IF(AND(E8<30,C8>20,D8>5000),"High Value",IF(AND(E8<90,C8>10,D8>2000),"Loyal",IF(E8>180,"At Risk","Regular")))
A9: CUST0008 | B9: 72 | C9: 3 | D9: 2652 | E9: 264 | F9: =IF(AND(E9<30,C9>20,D9>5000),"High Value",IF(AND(E9<90,C9>10,D9>2000),"Loyal",IF(E9>180,"At Risk","Regular")))
A10: CUST0009 | B10: 64 | C10: 7 | D10: 3296 | E10: 277 | F10: =IF(AND(E10<30,C10>20,D10>5000),"High Value",IF(AND(E10<90,C10>10,D10>2000),"Loyal",IF(E10>180,"At Risk","Regular")))
A11: CUST0010 | B11: 45 | C11: 11 | D11: 7295 | E11: 137 | F11: =IF(AND(E11<30,C11>20,D11>5000),"High Value",IF(AND(E11<90,C11>10,D11>2000),"Loyal",IF(E11>180,"At Risk","Regular")))
A12: CUST0011 | B12: 28 | C12: 8 | D12: 2920 | E12: 3 | F12: =IF(AND(E12<30,C12>20,D12>5000),"High Value",IF(AND(E12<90,C12>10,D12>2000),"Loyal",IF(E12>180,"At Risk","Regular")))
A13: CUST0012 | B13: 56 | C13: 19 | D13: 9143 | E13: 70 | F13: =IF(AND(E13<30,C13>20,D13>5000),"High Value",IF(AND(E13<90,C13>10,D13>2000),"Loyal",IF(E13>180,"At Risk","Regular")))
... A201: CUST0200 | B201: 29 | C201: 48 | D201: 5634 | E201: 199 | F201: =IF(AND(E201<30,C201>20,D201>5000),"High Value",IF(AND(E201<90,C201>10,D201>2000),"Loyal",IF(E201>180,"At Risk","Regular")))

Sheet Segmentation Analysis
A1: Customer Segmentation Analysis
A3: Segment Summary
A4: Segment | B4: Count | C4: Avg Age | D4: Avg Spending
A5: High Value | B5: =COUNTIF('Customer Data'!F:F,A5) | C5: =AVERAGEIF('Customer Data'!F:F,A5,'Customer Data'!B:B) | D5: =AVERAGEIF('Customer Data'!F:F,A5,'Customer Data'!D:D)
A6: Loyal | B6: =COUNTIF('Customer Data'!F:F,A6) | C6: =AVERAGEIF('Customer Data'!F:F,A6,'Customer Data'!B:B) | D6: =AVERAGEIF('Customer Data'!F:F,A6,'Customer Data'!D:D)
A7: Regular | B7: =COUNTIF('Customer Data'!F:F,A7) | C7: =AVERAGEIF('Customer Data'!F:F,A7,'Customer Data'!B:B) | D7: =AVERAGEIF('Customer Data'!F:F,A7,'Customer Data'!D:D)
A8: At Risk | B8: =COUNTIF('Customer Data'!F:F,A8) | C8: =AVERAGEIF('Customer Data'!F:F,A8,'Customer Data'!B:B) | D8: =AVERAGEIF('Customer Data'!F:F,A8,'Customer Data'!D:D)
